"","barcode","SAMPLE.ID","PCR.LA.","PCR.UA.","avg_sequence_length","median_sequence_length","total_sequences","mode_repeat_1","mode_repeat_2","mode_repeat_3","repeat_freq_1","repeat_freq_2","repeat_freq_3","allele_freq_1","allele_freq_2","allele_freq_3"
"1","barcode01",592,352,352,1136.715,1174,200,116,400,NA,3,1,NA,48,2,NA
"2","barcode02",3400,10,445,790,774,28,167,10,NA,1,1,NA,5,5,NA
"3","barcode03",7362,262,645,1176.887089,1249,6483,276,92,253,30,10,60,1128,748,698
"4","barcode04",8029,34,NA,256.779814,249,142911,38,41,32,6595,3213,838,22086,17931,10551
"5","barcode13",755,10,442,442.6724093,249,11609,11,428,9,145,12,122,739,304,276
"6","barcode14",3522,278,378,1060.774768,1249,11113,335,316,153,17,27,8,651,579,499
"7","barcode15",8146,15,262,352.3686699,249,80153,14,263,311,1025,91,14,6644,2591,1424
"8","barcode25",861,10,278,433.9568025,249,10996,11,290,10,136,13,108,572,384,374
"9","barcode26",4494,78,262,720.8497457,499,64291,75,79,272,1495,670,246,7587,4771,4668
"10","barcode27",8432,15,312,1001.182136,999,242610,18,17,321,7128,6642,333,31077,14903,11705
"11","barcode37",913,10,352,401.1007372,249,25095,13,348,9,242,30,208,1169,598,554
"12","barcode38",6258,15,312,827.8926524,749,200815,93,85,88,1746,5747,3754,25761,18859,13012
"13","barcode39",8483,15,278,372.9936355,249,27339,13,270,292,386,43,9,2025,800,577
"14","barcode49",993,11,345,469.1642005,299,11151,14,11,338,138,145,14,568,462,345
"15","barcode50",6477,112,302,847.6347739,749,22074,123,120,130,474,454,128,2575,2487,2000
"16","barcode51",8506,138,295,646.2098732,499,58826,145,137,10,313,640,322,7488,7255,2656
"17","barcode61",2048,262,398,1082.883387,1249,48142,267,97,404,323,51,67,4107,3693,3590
"18","barcode62",6681,9,378,777.9711982,499,23436,359,347,8,39,64,169,1536,1103,997
"19","barcode63",9563,378,378,1116.361556,1249,12803,407,366,162,36,48,14,1307,1070,949
"20","barcode73",3299,17,295,370.4521445,249,46421,19,18,309,1476,1473,53,6150,3616,2209
"21","barcode74",6991,28,278,441.7022293,249,10048,25,283,4,175,8,18,1271,239,191
"22","barcode75",4166,56,NA,346.8072798,249,33380,60,64,49,1289,415,87,7329,4546,2079
"23","barcode85",3320,11,278,665.2118671,499,12758,12,11,295,183,230,36,782,573,559
"24","barcode86",7004,262,645,1236.832862,1249,14844,268,256,4,53,169,27,1478,1276,930
"25","barcode87",7460,12,NA,389.846144,249,23379,16,112,117,255,203,76,1963,1144,743
